<ImportExportXml version="8.2.0000.0780" SolutionPackageVersion="8.2" languagecode="1033" generatedBy="CrmLive" xmlns:xsi="http://www.w3.org/2001/XMLSchema-instance">
  <SolutionManifest>
    <UniqueName>EasyUserManagement</UniqueName>
    <LocalizedNames>
      <LocalizedName description="EasyUserManagement" languagecode="1033" />
    </LocalizedNames>
    <Descriptions>
      <Description description="This is a solution created during Artic SharePoint Challange.. Hope you like it! We know how confusing the security roles in Dynamics CRM can be! Why do we have to assign securityroles after we move a user who have the same role in a different department?&#xA;&#xA;So we created this to earn some POWER USER LOVE archivement points :)" languagecode="1033" />
    </Descriptions>
    <Version>1.0.0.0</Version>
    <Managed>1</Managed>
    <Publisher>
      <UniqueName>skill</UniqueName>
      <LocalizedNames>
        <LocalizedName description="SkillWiz" languagecode="1033" />
      </LocalizedNames>
      <Descriptions />
      <EMailAddress xsi:nil="true"></EMailAddress>
      <SupportingWebsiteUrl xsi:nil="true"></SupportingWebsiteUrl>
      <CustomizationPrefix>skill</CustomizationPrefix>
      <CustomizationOptionValuePrefix>64851</CustomizationOptionValuePrefix>
      <Addresses>
        <Address>
          <AddressNumber>1</AddressNumber>
          <AddressTypeCode>1</AddressTypeCode>
          <City xsi:nil="true"></City>
          <County xsi:nil="true"></County>
          <Country xsi:nil="true"></Country>
          <Fax xsi:nil="true"></Fax>
          <FreightTermsCode xsi:nil="true"></FreightTermsCode>
          <ImportSequenceNumber xsi:nil="true"></ImportSequenceNumber>
          <Latitude xsi:nil="true"></Latitude>
          <Line1 xsi:nil="true"></Line1>
          <Line2 xsi:nil="true"></Line2>
          <Line3 xsi:nil="true"></Line3>
          <Longitude xsi:nil="true"></Longitude>
          <Name xsi:nil="true"></Name>
          <PostalCode xsi:nil="true"></PostalCode>
          <PostOfficeBox xsi:nil="true"></PostOfficeBox>
          <PrimaryContactName xsi:nil="true"></PrimaryContactName>
          <ShippingMethodCode>1</ShippingMethodCode>
          <StateOrProvince xsi:nil="true"></StateOrProvince>
          <Telephone1 xsi:nil="true"></Telephone1>
          <Telephone2 xsi:nil="true"></Telephone2>
          <Telephone3 xsi:nil="true"></Telephone3>
          <TimeZoneRuleVersionNumber xsi:nil="true"></TimeZoneRuleVersionNumber>
          <UPSZone xsi:nil="true"></UPSZone>
          <UTCOffset xsi:nil="true"></UTCOffset>
          <UTCConversionTimeZoneCode xsi:nil="true"></UTCConversionTimeZoneCode>
        </Address>
        <Address>
          <AddressNumber>2</AddressNumber>
          <AddressTypeCode>1</AddressTypeCode>
          <City xsi:nil="true"></City>
          <County xsi:nil="true"></County>
          <Country xsi:nil="true"></Country>
          <Fax xsi:nil="true"></Fax>
          <FreightTermsCode xsi:nil="true"></FreightTermsCode>
          <ImportSequenceNumber xsi:nil="true"></ImportSequenceNumber>
          <Latitude xsi:nil="true"></Latitude>
          <Line1 xsi:nil="true"></Line1>
          <Line2 xsi:nil="true"></Line2>
          <Line3 xsi:nil="true"></Line3>
          <Longitude xsi:nil="true"></Longitude>
          <Name xsi:nil="true"></Name>
          <PostalCode xsi:nil="true"></PostalCode>
          <PostOfficeBox xsi:nil="true"></PostOfficeBox>
          <PrimaryContactName xsi:nil="true"></PrimaryContactName>
          <ShippingMethodCode>1</ShippingMethodCode>
          <StateOrProvince xsi:nil="true"></StateOrProvince>
          <Telephone1 xsi:nil="true"></Telephone1>
          <Telephone2 xsi:nil="true"></Telephone2>
          <Telephone3 xsi:nil="true"></Telephone3>
          <TimeZoneRuleVersionNumber xsi:nil="true"></TimeZoneRuleVersionNumber>
          <UPSZone xsi:nil="true"></UPSZone>
          <UTCOffset xsi:nil="true"></UTCOffset>
          <UTCConversionTimeZoneCode xsi:nil="true"></UTCConversionTimeZoneCode>
        </Address>
      </Addresses>
    </Publisher>
    <RootComponents>
      <RootComponent type="1" schemaName="businessunit" behavior="1" />
      <RootComponent type="1" schemaName="skill_role" behavior="0" />
      <RootComponent type="1" schemaName="skill_securitygroup" behavior="0" />
      <RootComponent type="1" schemaName="systemuser" behavior="1" />
      <RootComponent type="60" id="{1b2e1262-2790-482b-a426-c77731023435}" behavior="0" />
      <RootComponent type="60" id="{470448b6-6466-4541-a9ee-4714107bf22b}" behavior="0" />
      <RootComponent type="60" id="{89d480e0-6eea-e611-80f5-5065f38b85e1}" behavior="0" />
      <RootComponent type="60" id="{d96083ce-ec7c-4cbe-92c1-57fd6ce14e6c}" behavior="0" />
      <RootComponent type="60" id="{ee6191ce-205f-4988-8d43-aa15c924b57f}" behavior="0" />
      <RootComponent type="61" schemaName="skill_/common/webapi.js" behavior="0" />
      <RootComponent type="61" schemaName="skill_/role/form.js" behavior="0" />
      <RootComponent type="61" schemaName="skill_main.js" behavior="0" />
      <RootComponent type="62" schemaName="skill_EasyUserManagment" behavior="0" />
      <RootComponent type="80" schemaName="skill_EasyUserManagment" behavior="0" />
      <RootComponent type="91" schemaName="ASPC.Skill.CRM.Plugins, Version=1.0.0.0, Culture=neutral, PublicKeyToken=3e147105d4dc2653" behavior="0" />
      <RootComponent type="92" id="{20cb505d-b8ea-e611-80f5-5065f38b85e1}" behavior="0" />
      <RootComponent type="92" id="{3c4d8963-b8ea-e611-80f5-5065f38b85e1}" behavior="0" />
    </RootComponents>
    <MissingDependencies>
      <MissingDependency>
        <Required key="0" type="10" schemaName="msdyn_systemuser_msdyn_projectapproval_Manager" displayName="msdyn_systemuser_msdyn_projectapproval_Manager" parentSchemaName="msdyn_projectapproval" parentDisplayName="Project Approval" solution="ProjectService (1.1.0.62)" />
        <Dependent key="1" type="60" displayName="Easy User Mangement" parentDisplayName="User" id="{d96083ce-ec7c-4cbe-92c1-57fd6ce14e6c}" />
      </MissingDependency>
      <MissingDependency>
        <Required key="2" type="10" schemaName="msdyn_accountmanager_quote" displayName="msdyn_accountmanager_quote" parentSchemaName="quote" parentDisplayName="Quote" solution="ProjectService (1.1.0.62)" />
        <Dependent key="1" type="60" displayName="Easy User Mangement" parentDisplayName="User" id="{d96083ce-ec7c-4cbe-92c1-57fd6ce14e6c}" />
      </MissingDependency>
      <MissingDependency>
        <Required key="3" type="10" schemaName="msdyn_accountmanager_salesorder" displayName="msdyn_accountmanager_salesorder" parentSchemaName="salesorder" parentDisplayName="Order" solution="ProjectService (1.1.0.62)" />
        <Dependent key="1" type="60" displayName="Easy User Mangement" parentDisplayName="User" id="{d96083ce-ec7c-4cbe-92c1-57fd6ce14e6c}" />
      </MissingDependency>
      <MissingDependency>
        <Required key="4" type="10" schemaName="msdyn_systemuser_msdyn_expense_manager" displayName="msdyn_systemuser_msdyn_expense_manager" parentSchemaName="msdyn_expense" parentDisplayName="Expense" solution="ProjectService (1.1.0.62)" />
        <Dependent key="1" type="60" displayName="Easy User Mangement" parentDisplayName="User" id="{d96083ce-ec7c-4cbe-92c1-57fd6ce14e6c}" />
      </MissingDependency>
      <MissingDependency>
        <Required key="5" type="10" schemaName="msdyn_accountmanager_opportunity" displayName="msdyn_accountmanager_opportunity" parentSchemaName="opportunity" parentDisplayName="Opportunity" solution="ProjectService (1.1.0.62)" />
        <Dependent key="1" type="60" displayName="Easy User Mangement" parentDisplayName="User" id="{d96083ce-ec7c-4cbe-92c1-57fd6ce14e6c}" />
      </MissingDependency>
      <MissingDependency>
        <Required key="6" type="10" schemaName="msdyn_systemuser_msdyn_project_projectmanager" displayName="msdyn_systemuser_msdyn_project_projectmanager" parentSchemaName="msdyn_project" parentDisplayName="Project" solution="ProjectService (1.1.0.62)" />
        <Dependent key="1" type="60" displayName="Easy User Mangement" parentDisplayName="User" id="{d96083ce-ec7c-4cbe-92c1-57fd6ce14e6c}" />
      </MissingDependency>
      <MissingDependency>
        <Required key="7" type="61" schemaName="msdyn_/Utils/head.js" displayName="msdyn_/Utils/head.js" solution="FieldService (6.1.0.1462)" />
        <Dependent key="1" type="60" displayName="Easy User Mangement" parentDisplayName="User" id="{d96083ce-ec7c-4cbe-92c1-57fd6ce14e6c}" />
      </MissingDependency>
      <MissingDependency>
        <Required key="8" type="61" schemaName="msdyn_/Images/AppModule_Default_Icon.png" displayName="msdyn_/Images/AppModule_Default_Icon.png" solution="AppModuleWebResources (2.0)" />
        <Dependent key="9" type="80" schemaName="skill_EasyUserManagment" displayName="Easy User Managment" />
      </MissingDependency>
      <MissingDependency>
        <Required key="10" type="61" schemaName="msdyn_/User/User.Library.js" displayName="msdyn_/User/User.Library.js" solution="FieldService (6.1.0.1462)" />
        <Dependent key="1" type="60" displayName="Easy User Mangement" parentDisplayName="User" id="{d96083ce-ec7c-4cbe-92c1-57fd6ce14e6c}" />
      </MissingDependency>
      <MissingDependency>
        <Required key="11" type="61" schemaName="msdyn_/Libraries/require/require.js" displayName="msdyn_/Libraries/require/require.js" solution="ProjectService (1.1.0.62)" />
        <Dependent key="1" type="60" displayName="Easy User Mangement" parentDisplayName="User" id="{d96083ce-ec7c-4cbe-92c1-57fd6ce14e6c}" />
      </MissingDependency>
    </MissingDependencies>
  </SolutionManifest>
</ImportExportXml>